page-url,page-tags,tag-color
bbc,UK State-owned Media,#c8102e
bbcnews,UK State-owned Media,#c8102e
BBCPolitics,UK State-owned Media,#c8102e
bbcnewsafaanoromoo,UK State-owned Media,#c8102e
BBCGlobalFB,UK State-owned Media,#c8102e
bbcworldservice,UK State-owned Media,#c8102e
BBCnewsAmharic,UK State-owned Media,#c8102e
bbcnewsafrique,UK State-owned Media,#c8102e
BBCNewsHausa,UK State-owned Media,#c8102e
BBCnewsIgbo,UK State-owned Media,#c8102e
BBCnewsgahuza,UK State-owned Media,#c8102e
bbcnewspidgin,UK State-owned Media,#c8102e
bbcnewssomali,UK State-owned Media,#c8102e
BBCnewsSwahili,UK State-owned Media,#c8102e
bbcnewstigrinya,UK State-owned Media,#c8102e
bbcnewsyoruba,UK State-owned Media,#c8102e
bbcnewskyrgyz,UK State-owned Media,#c8102e
bbcnewsuzbek,UK State-owned Media,#c8102e
BBCnewsBurmese,UK State-owned Media,#c8102e
BBCChinese,UK State-owned Media,#c8102e
bbcnewstrad,UK State-owned Media,#c8102e
BBCNewsIndonesia,UK State-owned Media,#c8102e
bbcnewsjapan,UK State-owned Media,#c8102e
BBCnewsKorean,UK State-owned Media,#c8102e
BBCnewsThai,UK State-owned Media,#c8102e
BBCnewsVietnamese,UK State-owned Media,#c8102e
BBCBengaliService,UK State-owned Media,#c8102e
BBCnewsGujarati,UK State-owned Media,#c8102e
BBCnewsHindi,UK State-owned Media,#c8102e
BBCnewsMarathi,UK State-owned Media,#c8102e
BBCnewsNepali,UK State-owned Media,#c8102e
bbcnewspashto,UK State-owned Media,#c8102e
BBCnewsPunjabi,UK State-owned Media,#c8102e
BBCnewsSinhala,UK State-owned Media,#c8102e
BBCnewsTamil,UK State-owned Media,#c8102e
BBCnewsTelugu,UK State-owned Media,#c8102e
bbcurdu,UK State-owned Media,#c8102e
BBCnewsAzeri,UK State-owned Media,#c8102e
BBCNaidheachdan,UK State-owned Media,#c8102e
61574551247598,UK State-owned Media,#c8102e
bbcnewsrussian,UK State-owned Media,#c8102e
BBCNewsnasrpskom,UK State-owned Media,#c8102e
bbcnewsturkceservisi,UK State-owned Media,#c8102e
BBCnewsUkrainian,UK State-owned Media,#c8102e
bbccymrufyw,UK State-owned Media,#c8102e
bbcnewsbrasil,UK State-owned Media,#c8102e
BBCnewsMundo,UK State-owned Media,#c8102e
BBCnewsArabic,UK State-owned Media,#c8102e
bbcpersian,UK State-owned Media,#c8102e
bbccumbria,UK State-owned Media,#c8102e
BBCLancashire,UK State-owned Media,#c8102e
bbcmerseyside,UK State-owned Media,#c8102e
bbcmanchester,UK State-owned Media,#c8102e
bbctees,UK State-owned Media,#c8102e
bbcbradford,UK State-owned Media,#c8102e
BBCEastYorkshire,UK State-owned Media,#c8102e
bbchumberside,UK State-owned Media,#c8102e
bbclincolnshire,UK State-owned Media,#c8102e
BBCYorkshire,UK State-owned Media,#c8102e
BBCRadioYork,UK State-owned Media,#c8102e
BirminghamBBC,UK State-owned Media,#c8102e
BBCBlackCountry,UK State-owned Media,#c8102e
bbccwr,UK State-owned Media,#c8102e
bbcherefordandworcester,UK State-owned Media,#c8102e
bbcshropshire,UK State-owned Media,#c8102e
BBCStokeandStaffordshire,UK State-owned Media,#c8102e
BBCBlackCountry,UK State-owned Media,#c8102e
BBCWolverhampton,UK State-owned Media,#c8102e
DerbyBBC,UK State-owned Media,#c8102e
LeicesterBBC,UK State-owned Media,#c8102e
BBCNorthamptonshire,UK State-owned Media,#c8102e
NottinghamBBC,UK State-owned Media,#c8102e
BristolBBC,UK State-owned Media,#c8102e
BBCCornwall,UK State-owned Media,#c8102e
bbcgloucestershire,UK State-owned Media,#c8102e
bbcsomerset,UK State-owned Media,#c8102e
WiltshireBBC,UK State-owned Media,#c8102e
BBCBedsHertsBucks,UK State-owned Media,#c8102e
bbccambridgeshire,UK State-owned Media,#c8102e
BBCEssex,UK State-owned Media,#c8102e
BBCNorfolk,UK State-owned Media,#c8102e
bbcsuffolk,UK State-owned Media,#c8102e
BBCBerkshire,UK State-owned Media,#c8102e
BBCDorset,UK State-owned Media,#c8102e
HampshireBBC,UK State-owned Media,#c8102e
bbcoxford,UK State-owned Media,#c8102e
BBCinKent,UK State-owned Media,#c8102e
BBCLondon,UK State-owned Media,#c8102e
BBCSurrey,UK State-owned Media,#c8102e
BBCSussex,UK State-owned Media,#c8102e
BBC.News.NI,UK State-owned Media,#c8102e
bbcscotlandnews,UK State-owned Media,#c8102e
radioorkney,UK State-owned Media,#c8102e
bbcradioshetland,UK State-owned Media,#c8102e
BBCWalesNews,UK State-owned Media,#c8102e
bbcisleofman,UK State-owned Media,#c8102e
bbcguernsey,UK State-owned Media,#c8102e
bbcjersey,UK State-owned Media,#c8102e
1.00E+14,Israeli State Media,#0038b8
MakanAkhbar,Israeli State Media,#0038b8
abc,Australia State-owned Media,#00843d
abcnews.au,Australia State-owned Media,#00843d
radionational,Australia State-owned Media,#00843d
ABCiview,Australia State-owned Media,#00843d
ABClisten,Australia State-owned Media,#00843d
ABCIndigenous,Australia State-owned Media,#00843d
abcinsydney,Australia State-owned Media,#00843d
ABCBrokenHill,Australia State-owned Media,#00843d
abccentralcoast,Australia State-owned Media,#00843d
abccentralwest,Australia State-owned Media,#00843d
abccoffscoast,Australia State-owned Media,#00843d
abcillawarra,Australia State-owned Media,#00843d
abcmidnorthcoast,Australia State-owned Media,#00843d
abcnewengland,Australia State-owned Media,#00843d
ABCNewcastle,Australia State-owned Media,#00843d
ABCNorthCoast,Australia State-owned Media,#00843d
abcriverina,Australia State-owned Media,#00843d
abcsoutheastnsw,Australia State-owned Media,#00843d
abcwesternplains,Australia State-owned Media,#00843d
abccanberra,Australia State-owned Media,#00843d
ABCDarwin,Australia State-owned Media,#00843d
ABCAliceSprings,Australia State-owned Media,#00843d
ABCDarwin,Australia State-owned Media,#00843d
abcmelbourne,Australia State-owned Media,#00843d
abcballaratandsouthwestvic,Australia State-owned Media,#00843d
abccentralvictoria,Australia State-owned Media,#00843d
ABCGippsland,Australia State-owned Media,#00843d
ABCGoulburnMurray,Australia State-owned Media,#00843d
ABCMilduraSwanHill,Australia State-owned Media,#00843d
ABCGoulburnMurray,Australia State-owned Media,#00843d
abcsouthwestvic,Australia State-owned Media,#00843d
abcwimmera,Australia State-owned Media,#00843d
abcadelaide,Australia State-owned Media,#00843d
ABCEyrePeninsula,Australia State-owned Media,#00843d
abcnorthandwest,Australia State-owned Media,#00843d
abcriverland,Australia State-owned Media,#00843d
abcsoutheastsa,Australia State-owned Media,#00843d
abchobart,Australia State-owned Media,#00843d
abcnorthtas,Australia State-owned Media,#00843d
abcinbrisbane,Australia State-owned Media,#00843d
ABCCapricornia,Australia State-owned Media,#00843d
abcfarnorth,Australia State-owned Media,#00843d
ABCGoldCoast,Australia State-owned Media,#00843d
ABCnorthqld,Australia State-owned Media,#00843d
ABCNorthWestQLD,Australia State-owned Media,#00843d
ABCSouthernQueensland,Australia State-owned Media,#00843d
ABCSunshineCoast,Australia State-owned Media,#00843d
ABCtropic,Australia State-owned Media,#00843d
ABCWesternQueensland,Australia State-owned Media,#00843d
abcwidebay,Australia State-owned Media,#00843d
abcperth,Australia State-owned Media,#00843d
ABCGoldfieldsEsperance,Australia State-owned Media,#00843d
ABCGreatSouthern,Australia State-owned Media,#00843d
ABCKimberley,Australia State-owned Media,#00843d
abcmidwestandwheatbelt,Australia State-owned Media,#00843d
ABCPilbara,Australia State-owned Media,#00843d
abcsouthwest,Australia State-owned Media,#00843d
abcchinese.au,Australia State-owned Media,#00843d
ABCIndonesia,Australia State-owned Media,#00843d
abcintdev,Australia State-owned Media,#00843d
ABCAsia.au,Australia State-owned Media,#00843d
ABCPacific,Australia State-owned Media,#00843d
SBSAmharic,Australia State-owned Media,#00843d
SBSArmenian,Australia State-owned Media,#00843d
SBSAssyrian,Australia State-owned Media,#00843d
SBSCantonese,Australia State-owned Media,#00843d
sbschinese,Australia State-owned Media,#00843d
sbsfrench,Australia State-owned Media,#00843d
SBSGerman,Australia State-owned Media,#00843d
sbsitalian,Australia State-owned Media,#00843d
SBSGujarati,Australia State-owned Media,#00843d
sbshakhachin,Australia State-owned Media,#00843d
SbsUkrainian,Australia State-owned Media,#00843d
SBSRussian,Australia State-owned Media,#00843d
SBSSerbian,Australia State-owned Media,#00843d
SBSPortuguese,Australia State-owned Media,#00843d
SBSPolish,Australia State-owned Media,#00843d
SBSBosnian,Australia State-owned Media,#00843d
SBSMacedonian,Australia State-owned Media,#00843d
sbsgreek,Australia State-owned Media,#00843d
SBSMaltese,Australia State-owned Media,#00843d
SBSTurkish,Australia State-owned Media,#00843d
SBSMongolian,Australia State-owned Media,#00843d
sbstelugu,Australia State-owned Media,#00843d
SBSLao,Australia State-owned Media,#00843d
SBSFilipino,Australia State-owned Media,#00843d
SBSVietnamese,Australia State-owned Media,#00843d
SBSBurmese,Australia State-owned Media,#00843d
SBSJapanese,Australia State-owned Media,#00843d
SBSKurdish,Australia State-owned Media,#00843d
DinkaSBS,Australia State-owned Media,#00843d
KoreanSBS,Australia State-owned Media,#00843d
SBSNepali,Australia State-owned Media,#00843d
SBSHmong,Australia State-owned Media,#00843d
sbskaren,Australia State-owned Media,#00843d
SamoanSBS,Australia State-owned Media,#00843d
SBSDari,Australia State-owned Media,#00843d
sbsarabic,Australia State-owned Media,#00843d
SBSPersian,Australia State-owned Media,#00843d
SBSSinhala,Australia State-owned Media,#00843d
PashtoSBS,Australia State-owned Media,#00843d
SBSHindi,Australia State-owned Media,#00843d
SBSUrdu,Australia State-owned Media,#00843d
SBSPunjabi,Australia State-owned Media,#00843d
SBSKhmer,Australia State-owned Media,#00843d
SBSThai,Australia State-owned Media,#00843d
SBSBangla,Australia State-owned Media,#00843d
SBS.Radio.Indonesian,Australia State-owned Media,#00843d
sbssouthasian,Australia State-owned Media,#00843d
sbsnews,Australia State-owned Media,#00843d
SBSAustralia,Australia State-owned Media,#00843d
InsightSBS,Australia State-owned Media,#00843d
SBSCroatian,Australia State-owned Media,#00843d
1NewsNZ,New Zealand State-owned Media,#012169
TVOneNZ,New Zealand State-owned Media,#012169
pbs,US State-owned Media,#b31942
RFAEnglish,US State-owned Media,#b31942
RFAChinese,US State-owned Media,#b31942
cantonese.rfa,US State-owned Media,#b31942
rfaburmese,US State-owned Media,#b31942
RFAKorea,US State-owned Media,#b31942
LaosRFA,US State-owned Media,#b31942
rfacambodia,US State-owned Media,#b31942
rfa.tibetan,US State-owned Media,#b31942
RFAVietnam,US State-owned Media,#b31942
rferl,US State-owned Media,#b31942
currenttimetv,US State-owned Media,#b31942
Votvot.tv,US State-owned Media,#b31942
svaboda.org,US State-owned Media,#b31942
radiosvoboda,US State-owned Media,#b31942
krymrealii,US State-owned Media,#b31942
szabadeuropahu,US State-owned Media,#b31942
europalibera.org,US State-owned Media,#b31942
europalibera.romania,US State-owned Media,#b31942
svobodnaevropa.bg,US State-owned Media,#b31942
RSE.Balkan,US State-owned Media,#b31942
RSEMK,US State-owned Media,#b31942
evropaelire,US State-owned Media,#b31942
severreal,US State-owned Media,#b31942
sibrealii,US State-owned Media,#b31942
azatliq,US State-owned Media,#b31942
Idel.Realii,US State-owned Media,#b31942
KavkazRealii,US State-owned Media,#b31942
radiomarsho,US State-owned Media,#b31942
azatutyun,US State-owned Media,#b31942
azattyq,US State-owned Media,#b31942
azatutyunru,US State-owned Media,#b31942
azadliqradiosu,US State-owned Media,#b31942
radiotavisupleba,US State-owned Media,#b31942
ekhokavkaza,US State-owned Media,#b31942
radio.farda,US State-owned Media,#b31942
azattyk,US State-owned Media,#b31942
azattyk.org,US State-owned Media,#b31942
RadioAzattyq,US State-owned Media,#b31942
radio.ozodi,US State-owned Media,#b31942
azatlykradiosy,US State-owned Media,#b31942
ozodlikradiosi,US State-owned Media,#b31942
Ozodlik,US State-owned Media,#b31942
azadiradio,US State-owned Media,#b31942
AzadiR,US State-owned Media,#b31942
mashaalradio,US State-owned Media,#b31942
azadiradio,US State-owned Media,#b31942
tkp1902,China State-owned Media,#ee1c25
tkp1902international,China State-owned Media,#ee1c25
wenweipo,China State-owned Media,#ee1c25
tkp1902opinion,China State-owned Media,#ee1c25
tkp1902china,China State-owned Media,#ee1c25
tkp1902financialnews,China State-owned Media,#ee1c25
tkp1902culture,China State-owned Media,#ee1c25
wwpchina,China State-owned Media,#ee1c25
int.metrop,China State-owned Media,#ee1c25
hkorangenews,China State-owned Media,#ee1c25
dotdotnews18,China State-owned Media,#ee1c25
CCTVAPOfficial,China State-owned Media,#ee1c25
globaltimesnews,China State-owned Media,#ee1c25
peopledaily,China State-owned Media,#ee1c25
ChinaNewsService,China State-owned Media,#ee1c25
ChinaDailyAsiaCH,China State-owned Media,#ee1c25
lionrockdailyhk,Hong Kong Government-owned Media,#DE2910
6.16E+13,Hong Kong Government-owned Media,#DE2910
TamarTalk.hk,Hong Kong Government-owned Media,#DE2910
rmwhk,Hong Kong Government-owned Media,#DE2910
govnews.hk,Hong Kong Government-owned Media,#DE2910
RTHK.HK,Hong Kong Government-owned Media,#DE2910
RTHKVNEWS,Hong Kong Government-owned Media,#DE2910
RTHKEnglishNews,Hong Kong Government-owned Media,#DE2910
rthkpau,Hong Kong Government-owned Media,#DE2910
rthkp,Hong Kong Government-owned Media,#DE2910
tdmchinesenews,Macau Government-owned Media,#077662
Canal.Macau,Macau Government-owned Media,#077662
tdmradiomacau,Macau Government-owned Media,#077662
TDMMACAU,Macau Government-owned Media,#077662
rti.cantonese,Taiwan Government-owned Media,#ee1c25
rtimelayu,Taiwan Government-owned Media,#ee1c25
rtikorean,Taiwan Government-owned Media,#ee1c25
RTI.francais,Taiwan Government-owned Media,#ee1c25
rti.esp,Taiwan Government-owned Media,#ee1c25
rti.deutsch,Taiwan Government-owned Media,#ee1c25
TAIWAN.RTI,Taiwan Government-owned Media,#ee1c25
RTI.Siaran.Indonesia,Taiwan Government-owned Media,#ee1c25
RadioTaiwanInternational,Taiwan Government-owned Media,#ee1c25
RtiFanpage,Taiwan Government-owned Media,#ee1c25
TaiwanInsider,Taiwan Government-owned Media,#ee1c25
rtiruss,Taiwan Government-owned Media,#ee1c25
rtivietnam,Taiwan Government-owned Media,#ee1c25
rti.ukrainian,Taiwan Government-owned Media,#ee1c25
rtifilipino,Taiwan Government-owned Media,#ee1c25
Rtijp,Taiwan Government-owned Media,#ee1c25
ptstaiginews,Taiwan Government-owned Media,#ee1c25
pnnpts,Taiwan Government-owned Media,#ee1c25
PTS1997,Taiwan Government-owned Media,#ee1c25
TBSCTS,Taiwan Government-owned Media,#ee1c25
cnanewstaiwan,Taiwan Government-owned Media,#ee1c25
international.news.cna,Taiwan Government-owned Media,#ee1c25
focus.tw,Taiwan Government-owned Media,#ee1c25
TaiwanPlusMedia,Taiwan Government-owned Media,#ee1c25
taiwanplusnews,Taiwan Government-owned Media,#ee1c25
RFI,France State-owned Media,#e1000f
RFI.FrancaisFacile,France State-owned Media,#e1000f
RFIAfrique,France State-owned Media,#e1000f
Rfisashenhausa,France State-owned Media,#e1000f
rfi.russian,France State-owned Media,#e1000f
RFImandenkan,France State-owned Media,#e1000f
RFI.English,France State-owned Media,#e1000f
russiatodaynews0,Russia State-owned Media (likely),#0036A7
NHKonline,Japan State-owned Media,#BC002D
nhknewsweb,Japan State-owned Media,#BC002D
nhkworld,Japan State-owned Media,#BC002D
NHKWORLDVietnamese,Japan State-owned Media,#BC002D
NHKWORLDThai,Japan State-owned Media,#BC002D
NHKWORLDIndonesian,Japan State-owned Media,#BC002D
NHKWORLDChinese,Japan State-owned Media,#BC002D
NHKWORLDChinese.traditional,Japan State-owned Media,#BC002D
NHKWORLDRussian,Japan State-owned Media,#BC002D
ChannelNewsAsia,Singapore State-owned Media,#EE2536
8DAYSSG,Singapore State-owned Media,#EE2536
8worldnews,Singapore State-owned Media,#EE2536
8world.stories,Singapore State-owned Media,#EE2536
todayonline,Singapore State-owned Media,#EE2536
beritamediacorp,Singapore State-owned Media,#EE2536
tamilnewsmediacorp,Singapore State-owned Media,#EE2536
TheStraitsTimes,Singapore State-owned Media,#EE2536
zaobaosg,Singapore State-owned Media,#EE2536
thebusinesstimes,Singapore State-owned Media,#EE2536
shinmindailynewsxinmingribao,Singapore State-owned Media,#EE2536
tamilmurasu,Singapore State-owned Media,#EE2536
BeritaHarianSG,Singapore State-owned Media,#EE2536
thenewpaper,Singapore State-owned Media,#EE2536
techinasia,Singapore State-owned Media,#EE2536
stompsingapore,Singapore State-owned Media,#EE2536
ThinkChina,Singapore State-owned Media,#EE2536
RedAnts.SG,Singapore State-owned Media,#EE2536
tablasph,Singapore State-owned Media,#EE2536